{
  "name": "bootstrap",
  "description": "The most popular front-end framework for developing responsive, mobile first projects on the web.",
  "keywords": [
    "css",
    "js",
    "less",
    "mobile-first",
    "responsive",
    "front-end",
    "framework",
    "web"
  ],
  "homepage": "http://getbootstrap.com",
  "license": "MIT",
  "moduleType": "globals",
  "main": [
    "less/bootstrap.less",
    "dist/js/bootstrap.js"
  ],
  "ignore": [
    "/.*",
    "_config.yml",
    "CNAME",
    "composer.json",
    "CONTRIBUTING.md",
    "docs",
    "js/tests",
    "test-infra"
  ],
  "dependencies": {
    "jquery": "1.9.1 - 2"
  },
  "version": "3.3.6",
  "_release": "3.3.6",
  "_resolution": {
    "type": "version",
    "tag": "v3.3.6",
    "commit": "81df608a40bf0629a1dc08e584849bb1e43e0b7a"
  },
  "_source": "git://github.com/twbs/bootstrap.git",
  "_target": "~3.3",
  "_originalSource": "bootstrap"
}